Genre,Song
Electronic,Feel Good Inc.
Electronic,Poker Face
Electronic,Kids
Electronic,Stronger
Electronic,Bad Romance
Electronic,Electric Feel
Electronic,Just Dance
Electronic,Somebody That I Used to Know
Electronic,Clint Eastwood
Electronic,Paparazzi
Electronic,Time to Pretend
Electronic,Paranoid Android
Electronic,Paper Planes
Electronic,I Gotta Feeling
Electronic,One More Time
Electronic,DARE
Electronic,Starboy
Electronic,"Harder, Better, Faster, Stronger"
Electronic,Midnight City
Electronic,Royals
Electronic,Jigsaw Falling Into Place
Electronic,Kill Bill
Electronic,What You Know
Electronic,All I Need
Electronic,Only Girl (In the World)
Electronic,Teardrop
Electronic,On Melancholy Hill
Electronic,The Hills
Electronic,Enjoy the Silence
Electronic,S&M
Electronic,Walking on a Dream
Electronic,Tainted Love
Electronic,LoveGame
Electronic,Everything in Its Right Place
Electronic,Lovers Rock
Electronic,Nude
Electronic,Gimme More
Electronic,Alejandro
Electronic,Intro
Electronic,15 Step
Electronic,All the Stars (with SZA)
Electronic,Can't Feel My Face
Electronic,Stressed Out
Electronic,Airbag
Electronic,Tik Tok
Electronic,Save Your Tears
Electronic,Wake Me Up
Electronic,Around the World
Electronic,Fireflies
Electronic,Dirty Harry
Electronic,Sunflower - Spider-Man: Into the Spider-Verse
Electronic,How to Disappear Completely
Electronic,Bodysnatchers
Electronic,Safe and Sound
Electronic,House of Cards
Electronic,bad guy
Electronic,Team
Electronic,Reckoner
Electronic,Subterranean Homesick Alien
Electronic,Glory Box
Electronic,Rhinestone Eyes
Electronic,Ribs
Electronic,1901
Electronic,Tongue Tied
Electronic,SLOW DANCING IN THE DARK
Electronic,Borderline
Electronic,Oblivion
Electronic,Undercover Martyn
Electronic,Judas
Electronic,Can't Get You Out of My Head
Electronic,Titanium (feat. Sia)
Electronic,Let It Happen
Electronic,Crystalised
Electronic,"New Person, Same Old Mistakes"
Electronic,Genesis
Electronic,Lisztomania
Electronic,E.T.
Electronic,I Love It (feat. Charli XCX)
Electronic,Hung Up
Electronic,Idioteque
Electronic,Something About Us
Electronic,Human
Electronic,Born This Way
Electronic,Closer
Electronic,Jealous
Electronic,Heat Waves
Electronic,Style
Electronic,Boy's a liar Pt. 2
Electronic,Such Great Heights
Electronic,Heads Will Roll
Electronic,Tik Tok
Electronic,Circus
Electronic,Eventually
Electronic,Digital Love
Electronic,Angel
Electronic,Bulletproof
Electronic,Meet Me Halfway
Electronic,Faust Arp
Electronic,Boom Boom Pow
Electronic,Kids With Guns
Electronic,lovely (with Khalid)
Electronic,Summer
Electronic,Blue Monday
Electronic,Ride
Electronic,Instant Crush (feat. Julian Casablancas)
Electronic,Applause
Electronic,Climbing Up the Walls
Electronic,Like a G6
Electronic,360
Electronic,Into You
Electronic,Little Dark Age
Electronic,Pyramids
Electronic,Love Lockdown
Electronic,Electioneering
Electronic,All the Things She Said
Electronic,Party Rock Anthem
Electronic,Needed Me
Electronic,A Sky Full of Stars
Electronic,Porcelain
Electronic,ocean eyes
Electronic,I Feel It Coming
Electronic,Sleepyhead
Electronic,Wait a Minute!
Electronic,Islands
Electronic,Rather Be (feat. Jess Glynne)
Electronic,Aerodynamic
Electronic,Cinnamon Girl
Electronic,The National Anthem
Electronic,Roads
Electronic,Where Have You Been
Electronic,Habits (Stay High)
Electronic,Streets
Electronic,Murder on the Dancefloor
Electronic,Pyramid Song
Electronic,Heathens
Electronic,Vanished
Electronic,STAY (with Justin Bieber)
Electronic,Softcore
Electronic,Hotline Bling
Electronic,Memories (feat. Kid Cudi)
Electronic,Sorry
Electronic,Something Good Can Work
Electronic,VCR
Electronic,Levitating (feat. DaBaby)
Electronic,Fitter Happier
Electronic,Shape of You
Electronic,We Are the People
Electronic,Beauty and a Beat
Electronic,Pursuit of Happiness (Nightmare)
Electronic,CHIHIRO
Electronic,Sail
Electronic,Electric Love
Electronic,Weekend Wars
Electronic,Kid A
Electronic,Nangs
Electronic,El Mañana
Electronic,Love Me Harder
Electronic,Apple
Electronic,Don’t Blame Me
Electronic,New Rules
Electronic,Optimistic
Electronic,Golden Skans
Electronic,Tennis Court
Electronic,Heartbeat
Electronic,We Found Love (feat. Calvin Harris)
Electronic,Sour Times
Electronic,Nightcall
Electronic,Guess featuring billie eilish
Electronic,Closer
Electronic,One Kiss (with Dua Lipa)
Electronic,Flowers
Electronic,19-2000
Electronic,On the Run
Electronic,Army of Me
Electronic,Club Foot
Electronic,Personal Jesus
Electronic,Knives Out
Electronic,Sweet Dreams (Are Made of This) - Remastered
Electronic,Levitating
Electronic,Hide and Seek
Electronic,Often
Electronic,Sexy Bitch (feat. Akon)
Electronic,Avril 14th
Electronic,Green Light
Electronic,Motion Picture Soundtrack
Electronic,we can't be friends (wait for your love)
Electronic,Treefingers
Electronic,She Wolf
Electronic,you should see me in a crown
Electronic,Telephone (feat. Beyoncé)
Electronic,Wildest Dreams (Taylor's Version)
Electronic,Don't You Want Me
Electronic,Crimewave
Electronic,Lights
Electronic,Bad Girls
Electronic,bellyache
Electronic,O Green World
Electronic,Fancy
Electronic,Something Just Like This
Electronic,SexyBack
Bollywood,4ÆM
Bollywood,Jimmy
Bollywood,PTT (Paint the Town)
Bollywood,Jai Ho! (You Are My Destiny)
Bollywood,Mundian to Bach Ke
Bollywood,Feel
Bollywood,Never Give Up
Bollywood,Chammak Challo
Bollywood,Riots
Bollywood,Jogi
Bollywood,Jai Ho
Bollywood,Tum Se Hi
Bollywood,Mausam & Escape
Bollywood,Mumbai Theme Tune
Bollywood,Kabhi Kabhi Aditi
Bollywood,Tera Hone Laga Hoon
Bollywood,Maula Mere Maula
Bollywood,Eyes on Me
Bollywood,Pehli Nazar Mein
Bollywood,Kal Ho Naa Ho
Bollywood,Chand Sifarish
Bollywood,Khuda Jaane
Bollywood,Tum Hi Ho
Bollywood,Ye Ishq Hai
Bollywood,Ajab Si
Bollywood,Tere Bina
Bollywood,Teri Deewani
Bollywood,Wada Na Tod
Bollywood,Zaalima
Bollywood,Dancing Drums
Bollywood,Desi Girl
Bollywood,Tujh Mein Rab Dikhta Hai
Bollywood,"Tujhe Kitna Chahne Lage (From ""Kabir Singh"")"
Bollywood,Bom Diggy Diggy
Bollywood,Bole Chudiyan
Bollywood,Jeena Jeena
Bollywood,Maahi Ve
Bollywood,Haule Haule
Bollywood,Kuch Kuch Hota Hai
Bollywood,Mitwa
Bollywood,Ringa Ringa
Bollywood,"Ranjha (From ""Shershaah"")"
Bollywood,Manhattan Sapphire
Bollywood,Maahi Ve
Bollywood,Nagada Sang Dhol
Bollywood,Liquid Dance
Bollywood,Iktara
Bollywood,Pal
Bollywood,Kajra Re
Bollywood,Sawaar Loon
Bollywood,Slick (Patel's Song)
Bollywood,It's the Time to Disco
Bollywood,Phir Se Ud Chala
Bollywood,Liquid Dance
Bollywood,Jaan Pehechaan Ho
Bollywood,Kho Gaye Hum Kahan
Bollywood,Verandi
Bollywood,Deewangi Deewangi
Bollywood,Jee Le Zaraa
Bollywood,Sunn Raha Hai
Bollywood,Que Caigan
Bollywood,Ik Junoon (Paint It Red)
Bollywood,Dil Dhadakne Do
Bollywood,Jai Ho! (You Are My Destiny) [feat. Nicole Scherzinger]
Bollywood,Ringa Ringa
Bollywood,Kal Ho Naa Ho
Bollywood,Pretty Woman
Bollywood,Dil Cheez
Bollywood,Prayer (traditional)
Bollywood,Jai Ho
Bollywood,Ajj Din Chadheya
Bollywood,London Thumakda
Bollywood,Aao Milo Chalo
Bollywood,Piya O Re Piya
Bollywood,O Mere Dil Ke Chain
Bollywood,Pehla Nasha
Bollywood,Chittiyaan Kalaiyaan
Bollywood,Streets of Calcutta
Bollywood,Noorie
Bollywood,Hosanna
Bollywood,Rakkas
Bollywood,Dum Maro Dum
Bollywood,Tanha Dil
Bollywood,Streets
Bollywood,Aaja Nachle
Bollywood,Bang Bang
Bollywood,Nagada Nagada
Bollywood,Love You Zindagi
Bollywood,Dil Se Re
Bollywood,Jimmy Jimmy Jimmy Aaja
Bollywood,Barso Re
Bollywood,Teri Ore
Bollywood,Kuch To Hua Hai
Bollywood,Roobaroo
Bollywood,Om Shanti Om (theme music)
Bollywood,Genda Phool
Bollywood,Tere Naina
Bollywood,Yeh Sham Mastani
Bollywood,Saathiya
Bollywood,Aaj Ki Raat
Bollywood,"Gerua (From ""Dilwale"")"
Bollywood,"Bhaag D.K. Bose, Aandhi Aayi"
Bollywood,Jiya Dhadak Dhadak Jaye
Bollywood,Radha Kaise Na Jale
Bollywood,Patakha Guddi
Bollywood,Hale Dil
Bollywood,Breathless
Bollywood,Mon Homme
Bollywood,Bheegi Si Bhaagi Si
Bollywood,Dil To Bachcha Hai
Bollywood,Jaane Kyun
Bollywood,Crazy Kiya Re
Bollywood,Galliyan
Bollywood,Daaru Desi
Bollywood,Jaadu Teri Nazar
Bollywood,Dil Chahta Hai
Bollywood,Buddhu Sa Mann
Bollywood,Khwaja Mere Khwaja
Bollywood,Tera Chehra
Bollywood,Mann Ki Lagan
Bollywood,Kabhi Jo Baadal Barse
Bollywood,San Sanana
Bollywood,Ishq Sufiyana (Male)
Bollywood,Munni Badnaam
Bollywood,Saadda Haq
Bollywood,Main Yahaan Hoon
Bollywood,Mera Pyar Shalimar
Bollywood,Mere Haath Mein
Bollywood,Luka Chuppi
Bollywood,Deewani Mastani
Bollywood,Bhula Dena
Bollywood,Nagumomo
Bollywood,Bird In Hand
Bollywood,Tere Bin
Bollywood,My Dil Goes Mmmm
Bollywood,Meri Bheegi Bheegi Si
Bollywood,Tera Mera Rishta
Bollywood,Pani Da Rang (Male)
Bollywood,Main Pal Do Pal Ka Shair Hoon
Bollywood,Wedding Qawwali
Bollywood,Yaaron
Bollywood,Offo
Bollywood,Tune Jo Na Kaha
Bollywood,Where's the Party Tonight
Bollywood,Tere Liye
Bollywood,Gori Gori Gori Gori
Bollywood,Tere Mere Saath
Bollywood,Laila Main Laila
Bollywood,Aye Khuda
Bollywood,Socha Hai
Bollywood,Eso Shyamal Sundar
Bollywood,Mere Khwabon Mein
Bollywood,Humsafar
Bollywood,Toh Phir Aao
Bollywood,Phir Bhi Dil Hai Hindustani
Bollywood,Khoon Chala
Bollywood,Roop Tera Mastana
Bollywood,Arziyan
Bollywood,"Rangisari (From ""Jugjugg Jeeyo"")"
Bollywood,Ek Ladki Ko Dekha
Bollywood,Tumhi Dekho Naa
Bollywood,Dhoom Machale
Bollywood,Jab Se Tere Naina
Bollywood,Hely Meli
Bollywood,Koi Mil Gaya
Bollywood,Surili Akhiyon Wale
Bollywood,Aankhein Khuli
Bollywood,Kabhi Khushi Kabhie Gham
Bollywood,Chiggy Wiggy
Bollywood,Ek Pal Ka Jeena
Bollywood,Discovered
Bollywood,Mausam
Bollywood,Tum Se Hi
Bollywood,DHOOM TAANA
Bollywood,O O Jaane Jaana
Bollywood,Darshan
Bollywood,Sajna Ve Sajna
Bollywood,Jaane Kyun
Bollywood,Zara Sa
Bollywood,Mujhe Raat Din Bas
Bollywood,Pari
Bollywood,Zoobi Doobi
Bollywood,Bora Bora (Radio Edit)
Bollywood,Kajra re
Bollywood,Thode Badmash
Bollywood,Chhabeela
Bollywood,O Humdum Suniyo Re
Bollywood,Nashe Si Chadh Gayi
Bollywood,Ye Ishq Ha
Bollywood,Tum Ho Toh
Bollywood,Saajanji Ghar Aaye
Bollywood,Zara Zara Touch Me (Asian RnB Mix)
Bollywood,Kangna
Bollywood,Besabriyaan
Bollywood,Bhool Ja
Bollywood,Mitwa
Bollywood,Kitni Haseen Zindagi
Bollywood,Rock On!!
Bollywood,Say Na Say Na
Bollywood,Muskaanein Jhooti Hai
Latin,Telepatía
Latin,Hips Don't Lie (feat. Wyclef Jean)
Latin,Feliz Navidad
Latin,Hotel Room Service
Latin,"Whenever, Wherever"
Latin,Gasolina
Latin,La Isla Bonita
Latin,Señorita
Latin,Livin' La Vida Loca
Latin,I Like It
Latin,Danza Kuduro
Latin,Mambo No. 5 (A Little Bit Of...)
Latin,Havana (feat. Young Thug)
Latin,Hips Don't Lie
Latin,Can't Remember to Forget You (feat. Rihanna)
Latin,ANTIFRAGILE
Latin,Chan Chan
Latin,Bongo Bong
Latin,Give Me Everything
Latin,The Girl From Ipanema
Latin,Tití Me Preguntó
Latin,Me Porto Bonito
Latin,DESPECHÁ
Latin,BIZCOCHITO
Latin,Mi Gente
Latin,La Camisa Negra
Latin,SAOKO
Latin,Let's Get Loud
Latin,SAD GIRLZ LUV MONEY Remix (feat. Kali Uchis and Moliy)
Latin,Love Don't Cost a Thing
Latin,Black Magic Woman
Latin,Me gustas tú
Latin,I Like It
Latin,Looking at Me
Latin,DÁKITI
Latin,Me gustas tú
Latin,Oye Como Va
Latin,Despacito
Latin,International Love (feat. Chris Brown)
Latin,If You Had My Love
Latin,Naked
Latin,Despacito - Remix
Latin,Filter
Latin,Mercury
Latin,Waiting for Tonight
Latin,Clandestino
Latin,Hero
Latin,"Shakira: Bzrp Music Sessions, Vol. 53"
Latin,Smooth
Latin,We Don't Talk About Bruno
Latin,Tusa
Latin,Underneath Your Clothes
Latin,On The Floor - Radio Edit
Latin,Pepas
Latin,Moscow Mule
Latin,Con Altura
Latin,Swish Swish
Latin,Smooth (feat. Rob Thomas)
Latin,Ojitos Lindos
Latin,Waka Waka (This Time for Africa)
Latin,"Taki Taki (with Selena Gomez, Ozuna & Cardi B)"
Latin,Chantaje (feat. Maluma)
Latin,Bam Bam (feat. Ed Sheeran)
Latin,LA CANCIÓN
Latin,Bailando - Spanish Version
Latin,Downtown
Latin,Macarena
Latin,El cuarto de tula
Latin,CHICKEN TERIYAKI
Latin,La Bamba
Latin,I Want You (She's So Heavy) - Remastered 2009
Latin,Efecto
Latin,Dile
Latin,Je ne t'aime plus
Latin,Envolver
Latin,Evil Ways
Latin,Loba
Latin,TQG
Latin,Latin Simone (Que Pasa Contigo)
Latin,LA NOCHE DE ANOCHE
Latin,La Tortura
Latin,Dos Gardenias
Latin,Yonaguni
Latin,Con Calma
Latin,PROVENZA
Latin,MONACO
Latin,Neverita
Latin,Todo De Ti
Latin,De camino a la vereda
Latin,Samba Pa Ti
Latin,WHERE SHE GOES
Latin,South of the Border (feat. Camila Cabello & Cardi B)
Latin,La Bachata
Latin,Corcovado (Quiet Nights Of Quiet Stars)
Latin,On My Way
Latin,Obsesion
Latin,Me Voy
Latin,Me Rehúso
Latin,Candela
Latin,Don't Go Yet
Latin,Liar
Latin,A Dios Le Pido
Latin,Havana
Latin,Suavemente
Latin,HENTAI
Latin,Desaparecido
Latin,Don't Let Me Be Misunderstood
Latin,X
Latin,Otro Atardecer
Latin,MIA (feat. Drake)
Latin,Yo Perreo Sola
Latin,Después de la Playa
Latin,Jump in the Line
Latin,Missing
Latin,Rosas
Latin,Ain't It Funny
Latin,Échame La Culpa
Latin,Tarot
Latin,"Lo Que Pasó, Pasó"
Latin,DIABLO
Latin,Rompe
Latin,El carretero
Latin,Si Antes Te Hubiera Conocido
Latin,La Flaca
Latin,Welcome to Tijuana
Latin,Si Veo a Tu Mamá
Latin,Gently (feat. Bad Bunny)
Latin,Ain't Your Mama
Latin,Vete
Latin,Rosa Pastel
Latin,Arms Around You (feat. Maluma & Swae Lee)
Latin,Objection (Tango)
Latin,Amor Prohibido
Latin,Play
Latin,Ai se eu te pego
Latin,Ella Me Levanto
Latin,Eres
Latin,Só Danço Samba
Latin,la luna enamorada
Latin,Pueblo Nuevo
Latin,Inevitable
Latin,Hawái
Latin,Veinte años
Latin,Do It Well
Latin,LA COMBI VERSACE
Latin,La Bamba
Latin,Ahora Te Puedes Marchar
Latin,Tamacun
Latin,La Tortura
Latin,Souk Eye
Latin,Obvs
Latin,Malandragem
Latin,DELIRIO DE GRANDEZA
Latin,GIRL LIKE ME
Latin,MAMIII
Latin,G3 N15
Latin,Para Machuchar Meu Coracao
Latin,Las de la Intuición
Latin,"Suerte (Whenever, Wherever)"
Latin,¡aquí yo mando!
Latin,Addicted to You
Latin,La Difícil
Latin,L'Via L'Viaquez
Latin,Água de Beber
Latin,Un Ratito
Latin,Bamboleo
Latin,Linda
Latin,Oye mi amor
Latin,Conga
Latin,Limón y Sal
Latin,Candy
Latin,TE MUDASTE
Latin,Minha Galera
Latin,Yo No Soy Celoso
Latin,Amor de loca juventud
Latin,"Taki Taki (feat. Selena Gomez, Ozuna & Cardi B)"
Latin,We No Speak Americano
Latin,Felices los 4
Latin,La Corriente
Latin,COMO UN G
Latin,MIA
Latin,Vivir Mi Vida
Latin,Te Mata
Latin,Sua Cara (feat. Anitta & Pabllo Vittar)
Latin,Gypsy
Latin,Escape
Latin,In Da Getto
Latin,"Ciega, Sordomuda"
Latin,She Loves Control
Latin,Orgullecida
Latin,"SG (with Ozuna, Megan Thee Stallion & LISA of BLACKPINK)"
Latin,Lo Siento BB:/ (with Bad Bunny & Julieta Venegas)
Latin,Qué Onda Guero
Latin,La Vida Es Un Carnaval
Latin,Bongos (feat. Megan Thee Stallion)
Latin,HIGHEST IN THE ROOM (feat. ROSALÍA & Lil Baby) - REMIX
Latin,K.O.
Latin,Dreaming of You
Latin,Por El Suelo
Latin,La Primavera
Blues,Take Me to Church
Blues,All Along the Watchtower
Blues,Ain't No Sunshine
Blues,Purple Haze
Blues,Sunshine of Your Love
Blues,Lonely Boy
Blues,Stand by Me
Blues,What a Wonderful World
Blues,Super Rich Kids
Blues,Wicked Game
Blues,Love Is a Losing Game
Blues,Hit the Road Jack
Blues,Hey Joe
Blues,Johnny B. Goode
Blues,Don't Know Why
Blues,Tighten Up
Blues,Rumour Has It
Blues,Little Wing
Blues,Feeling Good
Blues,White Room
Blues,Tears in Heaven
Blues,Cocaine
Blues,you should see me in a crown
Blues,Norman fucking Rockwell
Blues,Roadhouse Blues
Blues,Howlin' for You
Blues,At Last
Blues,You Can't Always Get What You Want
Blues,Easy on Me
Blues,Waiting on the World to Change
Blues,Come Away with Me
Blues,The Wind Cries Mary
Blues,The Other Woman
Blues,Wonderful Tonight
Blues,Gold on the Ceiling
Blues,Some Unholy War
Blues,Slow Dancing in a Burning Room
Blues,Me & Mr Jones
Blues,Like Real People Do
Blues,Work Song
Blues,Voodoo Child (Slight Return)
Blues,Dazed and Confused
Blues,Sunrise
Blues,Someone New
Blues,Brothers in Arms
Blues,Layla
Blues,Everlasting Light
Blues,Gravity
Blues,Folsom Prison Blues
Blues,I Put a Spell on You
Blues,Don't You Remember
Blues,Fire
Blues,Girl with One Eye
Blues,Escapism.
Blues,Me and Bobby McGee
Blues,Monks
Blues,Red House
Blues,I'd Rather Go Blind
Blues,Way Down We Go
Blues,Since I've Been Loving You
Blues,Turn Me On
Blues,When the Levee Breaks
Blues,Addicted
Blues,From Eden
Blues,Blue World
Blues,Lovesong
Blues,Subterranean Homesick Blues
Blues,Crosstown Traffic
Blues,Love in the Dark
Blues,Strange Brew
Blues,Castle on the Hill
Blues,He Won't Go
Blues,I Feel Free
Blues,Take It All
Blues,Next Girl
Blues,Back Door Man
Blues,Valerie (Feat. Amy Winehouse) - Version Revisited
Blues,Solar Power
Blues,Think
Blues,Dead Leaves and the Dirty Ground
Blues,Heartbreak Hotel
Blues,The Thrill Is Gone
Blues,Castles Made of Sand
Blues,Human
Blues,La Grange
Blues,Tumbling Dice
Blues,Ball and Biscuit
Blues,"Valerie - Live At BBC Radio 1 Live Lounge, London / 2007"
Blues,Georgia on My Mind
Blues,Jackie and Wilson
Blues,Piece of My Heart
Blues,All I Ask
Blues,Layla
Blues,Water Under the Bridge
Blues,You Ain't Gotta Lie (Momma Said)
Blues,Try a Little Tenderness
Blues,Little Black Submarines
Blues,I Want You to Love Me
Blues,A Sunday Kind of Love
Blues,Hold On
Blues,Hey Joe
Blues,I Want You (She's So Heavy)
Blues,Hallelujah
Blues,Oh My God
Blues,Seven Years
Blues,I Put a Spell on You
Blues,The Only One
Blues,Cry Baby
Blues,Would That I
Blues,Going up the Country
Blues,Who Says
Blues,Almost (Sweet Music)
Blues,Manic Depression
Blues,The Thing
Blues,The Denial Twist
Blues,Too Afraid to Love You
Blues,When A Man Loves A Woman
Blues,Moondance
Blues,God's Gonna Cut You Down
Blues,I Shot The Sheriff
Blues,Eat Your Young
Blues,My Baby Just Cares for Me
Blues,These Arms of Mine
Blues,There's No Home for You Here
Blues,Sinister Kid
Blues,Black Velvet
Blues,Piece of My Heart
Blues,Pride And Joy
Blues,Stop This Train
Blues,Hypnotize
Blues,Five to One
Blues,Mercedes Benz
Blues,All Blues
Blues,Sinnerman
Blues,I Can't Quit You Baby
Blues,Mortal Man
Blues,I've Got a Woman
Blues,Black Mud
Blues,Ten Cent Pistol
Blues,She's Long Gone
Blues,Strange Fruit
Blues,Dreaming With a Broken Heart
Blues,"Girl, You Have No Faith in Medicine"
Blues,Shoot the Moon
Blues,Ex's & Oh's
Blues,Boom Boom
Blues,New Light
Blues,Tales of Brave Ulysses
Blues,Belief
Blues,You Shook Me
Blues,Born on the Bayou
Blues,"In the Cold, Cold Night"
Blues,Heartbreak Warfare
Blues,Trouble
Blues,Stronger Than Me
Blues,Chain of Fools
Blues,With A Little Help From My Friends
Blues,You've Got Her in Your Pocket
Blues,I'll Be Seeing You
Blues,Why Georgia
Blues,Cleopatra
Blues,Angel
Blues,Mannish Boy
Blues,On the Road Again
Blues,Solitude
Blues,Feelin' the Same Way
Blues,Oh! Darling - Remastered 2009
Blues,I Got Mine
Blues,Green Onions
Blues,Smooth
Blues,Rainy Day Women #12 & 35
Blues,Be My Angel
Blues,Long As I Can See the Light
Blues,Stone Free
Blues,The Lemon Song
Blues,Blue Moon
Blues,Change The World
Blues,Never Gonna Give You Up
Blues,I've Got to See You Again
Blues,Layla
Blues,Ramblin' Man
Blues,Lonestar
Blues,Tennessee Whiskey
Blues,Potholderz feat. Count Bass D
Blues,I Put a Spell on You
Blues,Grandma's Hands
Blues,Vultures
Blues,How Many More Times
Blues,Cold Cold Heart
Blues,Stormy Weather
Blues,Go It Alone
Blues,Movement
Blues,Ballad of a Thin Man
Blues,Going to California - Remaster
Blues,The Nearness of You
Blues,Swish Swish
Blues,The Go Getter
Blues,Psychotic Girl
Blues,All Of Me
Blues,Unknown Brother
Classical,you should see me in a crown
Classical,Karma
Classical,Lush Life
Classical,Symphony (feat. Zara Larsson)
Classical,Clair de lune
Classical,"Comptine d'un autre été, L'Après-midi"
Classical,Gymnopédie No. 1
Classical,Für Elise
Classical,Cornfield Chase
Classical,Blow Your Mind (Mwah)
Classical,Be the One
Classical,Bad at Love
Classical,River Flows in You
Classical,Mia & Sebastian’s Theme
Classical,Nuvole Bianche
Classical,"Cello Suite No. 1 in G Major, BWV 1007: I. Prélude"
Classical,Experience
Classical,aisatsana [102]
Classical,Wet Hands
Classical,It's Been So Long
Classical,Minecraft
Classical,"Clair de lune, L. 32"
Classical,Concerning Hobbits
Classical,Moonlight Sonata
Classical,"Sonata No. 14 ""Moonlight"" in C-Sharp Minor"", Op. 27 No. 2: I. Adagio sostenuto"
Classical,Hotter Than Hell
Classical,On the Nature of Daylight
Classical,Swish Swish
Classical,Riverside
Classical,Le Moulin
Classical,MORE
Classical,Ghost
Classical,Orchestral Intro
Classical,Dry Hands
Classical,Bon Appétit
Classical,Gnossienne No. 1
Classical,Sur le fil
Classical,Moog City
Classical,Now or Never
Classical,Fly
Classical,La Dispute
Classical,A quai
Classical,Primavera
Classical,Divenire
Classical,Punk Monk
Classical,Feel My Rhythm
Classical,Reflections
Classical,Vladimir's Blues
Classical,Lacrimosa
Classical,Duel of the Fates
Classical,Una Mattina
Classical,The Swan
Classical,deep in it
Classical,Symphony No. 9 (Scherzo)
Classical,Hungarian Dance No. 5
Classical,Adagio for TRON
Classical,La Noyée
Classical,"Suite Bergamasque, L. 75: III. Clair de lune"
Classical,Rhapsody in Blue
Classical,Written on the Sky
Classical,Playing Around Before the Party Starts
Classical,Married Life
Classical,"Nocturne No. 2 in E-flat major, Op. 9 No. 2"
Classical,Air on a G String
Classical,Le Onde
Classical,The Flower Garden
Classical,"The Carnival of the Animals, R. 125: XIII. The Swan (Arr. for Cello and Piano)"
Classical,Merry-Go-Round of Life - from 'Howl's Moving Castle'
Classical,Ave Maria
Classical,Adagio For Strings
Classical,Prelude
Classical,New Home
Classical,Air
Classical,Ride of the Valkyries
Classical,Small Memory
Classical,Strangers
Classical,Together We Will Live Forever
Classical,Postcards from Far Away
Classical,Now We Are Free
Classical,Danny
Classical,Hedwig's Theme
Classical,Chromatica II
Classical,Toccata and Fugue in D Minor
Classical,Opening
Classical,Chromatica I
Classical,Good Will Hunting
Classical,Obvs
Classical,Spiegel im Spiegel
Classical,I giorni
Classical,"Goldberg Variations, BWV 988: Aria"
Classical,"Tchaikovsky: Swan Lake, Op. 20, Act 2: No. 10, Scene. Moderato"
Classical,Bolero
Classical,Saturn
Classical,"13 Pieces, Op. 76: No. 3 Carillon"
Classical,Victor's Piano Solo
Classical,La Valse d'Amélie - version piano
Classical,Agape
Classical,The Imperial March (Darth Vader's Theme)
Classical,Gabriel's Oboe
Classical,Secunda
Classical,"Symphony No. 5 in C Minor, Op. 67: I. Allegro con brio"
Classical,Nanou2
Classical,Requiem
Classical,Young Lion
Classical,Fire and Light
Classical,Lux Aeterna
Classical,Eine kleine Nachtmusik
Classical,"Liebestraume, S541/R211 : No. 3: Nocturne in A-Flat Major"
Classical,S.T.A.Y.
Classical,BILLY
Classical,Prologue
Classical,GUMMO
Classical,The Prophecy
Classical,Début
Classical,The Last of Us
Classical,"Serenade for Strings in E Major, Op. 22, B. 52: II. Tempo di valse"
Classical,Dies irae
Classical,Canon In D
Classical,Chord Left
Classical,Je te veux
Classical,Song On The Beach
Classical,Crystallize
Classical,"Rêverie, L. 68: Rêverie"
Classical,The Lark Ascending
Classical,In the Hall of the Mountain King
Classical,Sleeping Lotus
Classical,Light of the Seven
Classical,The Phantom of the Opera
Classical,Stonemilker
Classical,Honor Him
Classical,The Heart Asks Pleasure First
Classical,"Rêverie, L. 68"
Classical,Prelude for Time Feelers
Classical,Many Meetings
Classical,"Ballade No. 1 in G minor, Op. 23"
Classical,The Medallion Calls
Classical,Adiemus
Classical,Canon in D Major
Classical,Danse Macabre
Classical,Arrival of the Birds
Classical,"Lyric Pieces, Book 1, Op. 12: Arietta"
Classical,Enter Sandman
Classical,"13 Pieces, Op. 76: No. 2 Etude"
Classical,"Pavane, Op. 50"
Classical,Lily's Theme
Classical,The Bridge of Khazad Dum
Classical,Dorian
Classical,"Carnival of the Animals, R. 125: The Swan"
Classical,1812 Overture
Classical,The Black Pearl
Classical,"Jesu, Joy Of Man's Desiring"
Classical,Planetarium
Classical,The Shadow of the Past
Classical,Misty Mountains
Classical,"16 Waltzes, Op. 39: No. 15 in A flat major"
Classical,Kiss the Rain
Classical,Jazz Suite No. 2: VI. Waltz 2
Classical,Première Gymnopédie
Classical,Tokka
Classical,Tomorrow's Song
Classical,The Ring Goes South
Classical,The Treason of Isengard
Classical,A Knife in the Dark
Classical,Opening Song - Merry-Go-Round of Life
Classical,"Danse Macabre in G minor, Op. 40"
Classical,Canon
Classical,Engagement Party
Classical,Con Te Partirò
Classical,Emerald Sword
Classical,Horizon Variations
Classical,The Blue Danube
Classical,The Curse
Classical,"Adagio for Strings, Op. 11"
Classical,Allegro
Classical,The Black Rider
Classical,Nocturne (Interlude)
Classical,Eugene's Lament
Classical,Gymnopédie No. 3
Classical,"Für Elise, WoO 59"
Classical,Waltz of the Flowers
Classical,Andare
Classical,Stay
Classical,The Promise
Classical,Theme from Jurassic Park
Classical,Carnival of the Animals: The Swan
Classical,Spring
Classical,Fuel to Fire
Classical,Dance of the Sugar Plum Fairy
Classical,Adagio in G minor
Classical,Orchestral Intro
Classical,Lionsong
Classical,Perpetuum Mobile
Classical,Rêverie
Classical,Awake
Classical,Oltremare
Classical,The Riders of Rohan
Classical,Chi mai
Classical,Monday
Classical,The Shire
Classical,"16 Waltzes, Op. 39: No. 9 in D minor"
Country,Hurt
Country,Please Please Please
Country,Love Story
Country,You Belong with Me
Country,Jolene
Country,Lover
Country,Nonsense
Country,Ring of Fire
Country,Motion Sickness
Country,We Are Never Ever Getting Back Together
Country,Love Story (Taylor’s Version)
Country,I Will Wait
Country,I Walk the Line
Country,I Knew You Were Trouble.
Country,FourFiveSeconds
Country,willow
Country,You Belong with Me (Taylor’s Version)
Country,Nobody Gets Me
Country,The Climb
Country,This Is the Life
Country,Enchanted
Country,Hey Brother
Country,Perfect
Country,9 to 5
Country,Before He Cheats
Country,All Too Well (10 Minute Version) (Taylor's Version) (From the Vault)
Country,"Take Me Home, Country Roads"
Country,Mariners Apartment Complex
Country,Not Fair
Country,Our Song
Country,Need 2
Country,22
Country,I Knew You Were Trouble (Taylor's Version)
Country,Folsom Prison Blues
Country,Life Is a Highway
Country,lacy
Country,Shallow
Country,We Are Never Ever Getting Back Together (Taylor's Version)
Country,betty
Country,Back to December
Country,Timber (feat. Ke$ha)
Country,Lookin' Out My Back Door
Country,Angels Like You
Country,Harvest Moon
Country,22 (Taylor's Version)
Country,Nothing Breaks Like a Heart (feat. Miley Cyrus)
Country,Red (Taylor's Version)
Country,Sweet Creature
Country,Old Town Road - Remix
Country,July
Country,Mine
Country,"no body, no crime (feat. HAIM)"
Country,Castle on the Hill
Country,Picture to Burn
Country,TEXAS HOLD 'EM
Country,Need You Now
Country,Man! I Feel Like a Woman!
Country,Enchanted (Taylor's Version)
Country,The Way I Loved You (Taylor’s Version)
Country,"Jesus, Etc."
Country,Mean
Country,right where you left me - bonus track
Country,Nothing New (feat. Phoebe Bridgers) (Taylor’s Version) (From the Vault)
Country,Malibu
Country,All Too Well (Taylor's Version)
Country,Mr. Perfectly Fine (Taylor’s Version) (From the Vault)
Country,Funeral
Country,Galway Girl
Country,Fearless (Taylor’s Version)
Country,ivy
Country,Better Than Revenge
Country,Old Town Road
Country,money machine
Country,Red
Country,Sparks Fly
Country,You're Still the One
Country,I Can See You (Taylor’s Version) (From the Vault)
Country,cowboy like me
Country,All Summer Long
Country,Million Reasons
Country,dorothea
Country,Cotton Eye Joe
Country,If I Die Young
Country,Florida!!! (feat. Florence + the Machine)
Country,Back to December (Taylor's Version)
Country,The Story of Us
Country,F2F
Country,Mine (Taylor's Version)
Country,Male Fantasy
Country,Coincidence
Country,Lay Lady Lay
Country,New Year’s Day
Country,Personal Jesus
Country,But Daddy I Love Him
Country,The Man Comes Around
Country,Speak Now
Country,Lonesome Town
Country,Take It Easy
Country,All I Wanna Do
Country,Should've Said No
Country,Always Remember Us This Way
Country,The End of the World
Country,State of Grace (Taylor's Version)
Country,Two Ghosts
Country,Tim McGraw
Country,Happier
Country,All Too Well
Country,God's Gonna Cut You Down
Country,I Remember Everything (feat. Kacey Musgraves)
Country,I Had Some Help (feat. Morgan Wallen)
Country,Dear John
Country,Stay
Country,Chicken Fried
Country,Southern Nights
Country,Better Than Revenge (Taylor's Version)
Country,Home
Country,Fearless
Country,Fresh Out the Slammer
Country,Treacherous (Taylor's Version)
Country,Something in the Orange
Country,All I Want Is You
Country,tough
Country,Dumb & Poetic
Country,Slim Pickins
Country,Fifteen
Country,Sparks Fly (Taylor’s Version)
Country,The Very First Night (Taylor's Version) (From the Vault)
Country,Everything Has Changed (feat. Ed Sheeran) (Taylor’s Version)
Country,Message in a Bottle (Taylor's Version) (From the Vault)
Country,I Bet You Think About Me (feat. Chris Stapleton) (Taylor’s Version) (From the Vault)
Country,White Horse
Country,Speak Now (Taylor's Version)
Country,I Can Fix Him (No Really I Can)
Country,Yoü and I
Country,On The Road Again
Country,Haunted
Country,Dear John (Taylor's Version)
Country,Sad Beautiful Tragic (Taylor's Version)
Country,Long Live
Country,Long Live (Taylor's Version)
Country,Mean (Taylor's Version)
Country,Last Kiss
Country,The Story of Us (Taylor's Version)
Country,I Almost Do (Taylor's Version)
Country,Big Iron
Country,Begin Again (Taylor's Version)
Country,Dear God
Country,Take It Easy - 2013 Remaster
Country,Lie to Girls
Country,The Last Time (feat. Gary Lightbody of Snow Patrol) (Taylor’s Version)
Country,Need You Now
Country,Be My Angel
Country,come out and play
Country,Holy Ground (Taylor's Version)
Country,I Am Trying to Break Your Heart
Country,Stay Stay Stay (Taylor's Version)
Country,Fifteen (Taylor’s Version)
Country,Better Man (Taylor's Version) (From the Vault)
Country,Babe (Taylor's Version) (From the Vault)
Country,Tennessee Whiskey
Country,Come Back...Be Here (Taylor's Version)
Country,The Lucky One (Taylor's Version)
Country,Desperado
Country,Forever & Always (Taylor’s Version)
Country,Haunted (Taylor's Version)
Country,That Don't Impress Me Much
Country,Ode to a Conversation Stuck in Your Throat
Country,Don't Pass Me By
Country,The Gambler
Country,Teardrops on My Guitar - Radio Single Remix
Country,Get Rhythm
Country,White Horse (Taylor’s Version)
Country,Meant to Be (feat. Florida Georgia Line)
Country,Going to California - Remaster
Country,You should be sad
Country,Last Kiss (Taylor's Version)
Country,Soon You’ll Get Better (feat. The Chicks)
Country,What Hurts the Most
Country,Can't Fight the Moonlight
Country,Mama Said
Country,Hey Stephen (Taylor’s Version)
Country,Starlight (Taylor's Version)
Country,Never Grow Up
Country,Forever Winter (Taylor's Version) (From the Vault)
Country,Daddy Lessons
Country,Electric Touch (feat. Fall Out Boy) (Taylor’s Version) (From the Vault)
Country,Give My Love to Rose
Country,"Gone, Gone, Gone"
Country,Safe & Sound - from The Hunger Games Soundtrack
Country,BODYGUARD
Country,16 CARRIAGES
Country,When Emma Falls in Love (Taylor’s Version) (From the Vault)
Country,Castles Crumbling (feat. Hayley Williams) (Taylor’s Version) (From the Vault)
Country,The Moment I Knew (Taylor's Version)
Country,Begin Again
Country,Foolish One (Taylor’s Version) (From the Vault)
Country,Man in Black
Country,Cotton Fields
Country,Back Down South
Country,Why Do You Feel So Down
Disco,Billie Jean
Disco,The Less I Know the Better
Disco,Dancing Queen
Disco,Thriller
Disco,September
Disco,Espresso
Disco,Can't Feel My Face
Disco,I Want You Back
Disco,Kiss Me More (feat. SZA)
Disco,Borderline
Disco,I Was Made for Lovin' You
Disco,Can't Get You Out of My Head
Disco,Let It Happen
Disco,Gimme! Gimme! Gimme! (A Man After Midnight)
Disco,Don't Start Now
Disco,Hung Up
Disco,Treasure
Disco,Stayin' Alive
Disco,Mamma Mia
Disco,Instant Crush (feat. Julian Casablancas)
Disco,Another One Bites The Dust - Remastered 2011
Disco,Adore You
Disco,I Feel It Coming
Disco,Nobody
Disco,Heart of Glass
Disco,Murder on the Dancefloor
Disco,Levitating (feat. DaBaby)
Disco,Say So
Disco,Apple
Disco,24K Magic
Disco,Feather
Disco,Lay All Your Love on Me
Disco,Sugar
Disco,Cake by the Ocean
Disco,One Kiss (with Dua Lipa)
Disco,Flowers
Disco,Dead to Me
Disco,Levitating
Disco,Pretty Girl
Disco,She Wolf
Disco,no tears left to cry
Disco,Feel It Still
Disco,Lose Yourself to Dance (feat. Pharrell Williams)
Disco,You Spin Me Round (Like a Record)
Disco,Karma
Disco,Lavender Haze
Disco,Rock With You - Single Version
Disco,The Spins
Disco,Don't Stop 'Til You Get Enough
Disco,Hard Times
Disco,Break My Heart
Disco,Houdini
Disco,Let's Groove
Disco,Adventure of a Lifetime
Disco,Late Night Talking
Disco,Take a Chance on Me
Disco,Funny Thing
Disco,D.A.N.C.E.
Disco,In Your Eyes
Disco,The Winner Takes It All
Disco,Waterloo
Disco,Uptown Funk (feat. Bruno Mars)
Disco,ABC
Disco,Voyager
Disco,Physical
Disco,Dynamite
Disco,Give Life Back to Music
Disco,How Deep Is Your Love
Disco,Get Lucky (feat. Pharrell Williams)
Disco,Don't Go Breaking My Heart
Disco,CUFF IT
Disco,"Money, Money, Money"
Disco,Super Freak
Disco,More Than a Woman
Disco,Wanna Be Startin' Somethin'
Disco,Cupid - Twin Ver.
Disco,Maneater
Disco,Bejeweled
Disco,Disco
Disco,Out of Time
Disco,motive (with Doja Cat)
Disco,Rain on Me (with Ariana Grande)
Disco,Rush
Disco,Boogie Wonderland
Disco,Houdini
Disco,Giorgio by Moroder
Disco,Super Trouper
Disco,Take My Breath
Disco,I Will Survive
Disco,High Life
Disco,Cold Heart - PNAU Remix
Disco,"Eh, Eh (Nothing Else I Can Say)"
Disco,Chiquitita
Disco,Sacrifice
Disco,The Game of Love
Disco,My Universe
Disco,Rasputin
Disco,Love Again
Disco,22 (Taylor's Version)
Disco,What Is Love
Disco,Prisoner (feat. Dua Lipa)
Disco,About Damn Time
Disco,In the Night
Disco,Nothing Breaks Like a Heart (feat. Miley Cyrus)
Disco,Within
Disco,I Can Do It with a Broken Heart
Disco,Short Circuit
Disco,Daddy Cool
Disco,Welcome to New York
Disco,I'm So Excited
Disco,Midnight Sky
Disco,My Type
Disco,Get Lucky (radio edit) [feat. Pharrell Williams]
Disco,'Cause I'm a Man
Disco,Groove Is in the Heart
Disco,Voulez-Vous
Disco,Touch (feat. Paul Williams)
Disco,Greedy
Disco,Cheri Cheri Lady
Disco,Fernando
Disco,The Feels
Disco,bye
Disco,Beyond
Disco,Juice
Disco,Blame It on the Boogie
Disco,Play That Funky Music
Disco,Canned Heat
Disco,We Might Even Be Falling in Love (Interlude)
Disco,Dancing With Our Hands Tied
Disco,Love Never Felt So Good
Disco,Self Control
Disco,Fragments of Time (feat. Todd Edwards)
Disco,Sorry
Disco,AMERICA HAS A PROBLEM
Disco,Jungle Boogie
Disco,"Knowing Me, Knowing You"
Disco,Summerboy
Disco,I'm Coming Out
Disco,Now That We Don't Talk (Taylor's Version) (From the Vault)
Disco,Rock with You
Disco,Hallucinate
Disco,Too Long
Disco,You Sexy Thing
Disco,I CAN'T STOP ME
Disco,Training Season
Disco,Holiday
Disco,Stayin Alive
Disco,How Will I Know
Disco,Motherboard
Disco,Blow Your Mind (Mwah)
Disco,Water Under the Bridge
Disco,After LIKE
Disco,Pretty Please
Disco,Contact
Disco,Baby Be Mine
Disco,Hot Stuff
Disco,How Do I Make You Love Me?
Disco,Kung Fu Fighting
Disco,Reflektor
Disco,Feel Special
Disco,Atomic
Disco,It's Raining Men
Disco,Celebration
Disco,The Heart Part 5
Disco,Upside Down
Disco,Does Your Mother Know
Disco,Angeleyes
Disco,Finesse - Remix; feat. Cardi B
Disco,Skate
Disco,Venus
Disco,Birthday
Disco,Get Down On It
Disco,Future Nostalgia
Disco,Stupid Love
Disco,Sunny
Disco,Read your Mind
Disco,Comme des Garçons (Like the Boys)
Disco,SOS
Disco,Off the Wall
Disco,AMERICA HAS A PROBLEM (feat. Kendrick Lamar)
Disco,Chained to the Rhythm
Disco,Miss You
Disco,Ocean Drive
Disco,The Weekend - Funk Wav Remix
Disco,Hits Different
Disco,Be Sweet
Disco,Love Train
Disco,Cosmic Girl
Disco,Little L
Disco,Be Alright
Disco,Love at First Sight
Disco,A Lonely Night
Disco,Baby I'm Yours
Disco,"Night Fever - From ""Saturday Night Fever"" Soundtrack"
Disco,Cupid
Disco,Cool
Disco,We're Good
Disco,I'm Every Woman
Disco,In Your Eyes
Disco,I Have a Dream
Hiphop,The Real Slim Shady
Hiphop,All the Stars (with SZA)
Hiphop,Nights
Hiphop,Chanel
Hiphop,P.I.M.P.
Hiphop,No Idea
Hiphop,ELEMENT.
Hiphop,Love Is Only a Feeling
Hiphop,Accordion
Hiphop,Hoe Cakes
Hiphop,Close to You
Hiphop,L$D
Hiphop,Swim Good
Hiphop,How You Like That
Hiphop,REEL IT IN
Hiphop,Changes
Hiphop,Cupid's Chokehold / Breakfast in America
Hiphop,Pt. 2
Hiphop,IFHY (feat. Pharrell)
Hiphop,Mercy
Hiphop,Mo Bamba
Hiphop,Niggas in Paris
Hiphop,Pick up the Phone
Hiphop,X Gon' Give It To Ya
Hiphop,Too Good
Hiphop,Check the Rhime
Hiphop,Dang! (feat. Anderson .Paak)
Hiphop,Ms. Fat Booty
Hiphop,Sidewalks
Hiphop,Fake Love
Hiphop,Money Longer
Hiphop,For Free? - Interlude
Hiphop,Raid
Hiphop,Saint Pablo
Hiphop,Spaceship
Hiphop,Futura Free
Hiphop,Rhymes Like Dimes
Hiphop,Pray for Me (with Kendrick Lamar)
Hiphop,You Got Me
Hiphop,I Don't Fuck with You
Hiphop,679 (Feat. Remy Boyz)
Hiphop,How We Do
Hiphop,Jumpman
Hiphop,Chum
Hiphop,Poppin' Them Thangs
Hiphop,Rack City
Hiphop,Highlights
Hiphop,School Spirit
Hiphop,AMERICA HAS A PROBLEM (feat. Kendrick Lamar)
Hiphop,Low Lights
Hiphop,Passin' Me By
Hiphop,The Illest Villains
Hiphop,The Message
Hiphop,Do for Love
Hiphop,Party Up
Hiphop,I Wanna Love You
Hiphop,Right My Wrongs
Hiphop,BOOGIE
Hiphop,Dreams
Hiphop,Practice
Hiphop,No Heart
Hiphop,Tunnel Vision
Hiphop,Work
Hiphop,The Light
Hiphop,Hiss
Hiphop,Wake Up Mr. West
Hiphop,Runnin'
Hiphop,Doing It Wrong
Hiphop,Devastated
Hiphop,Ruff Ryders' Anthem
Hiphop,X (feat. Future)
Hiphop,Mathematics
Hiphop,Clan in da Front
Hiphop,Day 'n' Nite
Hiphop,Ass Like That
Hiphop,RICKY
Hiphop,Bitch Please II
Hiphop,Nas Is Like
Hiphop,Find a Way
Hiphop,Sunshine
Hiphop,Come Down
Hiphop,Excuse Me
Hiphop,23
Hiphop,edamame (feat. Rich Brian)
Hiphop,Back to Back
Hiphop,My Type
Hiphop,Did It On’em
Hiphop,Lift Yourself
Hiphop,Digits
Hiphop,School Spirit Skit 1
Hiphop,Encore
Hiphop,Magic (feat. Rivers Cuomo)
Hiphop,instagram
Hiphop,If I Ruled The World (Imagine That) (feat. Lauryn Hill)
Hiphop,I Get the Bag (feat. Migos)
Hiphop,Big Fish
Hiphop,Definition
Hiphop,Hip Hop
Hiphop,Hip-Hop
Hiphop,Slippery (feat. Gucci Mane)
Hiphop,Cherry Bomb
Hiphop,Locked Up
Hiphop,lowkey
Hiphop,Yet to Come
Hiphop,Really Doe
Hiphop,No Vaseline
Hiphop,LEFT RIGHT
Hiphop,Bamboo Banga
Hiphop,Sound of da Police
Hiphop,N.O
Hiphop,El Chupa Nibre
Hiphop,Under Ground Kings
Hiphop,Hell On Earth (Front Lines)
Hiphop,STUNTMAN (feat. Vince Staples)
Hiphop,Haegeum
Hiphop,Vaudeville Villain
Hiphop,Canal St. (feat. Bones)
Hiphop,Fig Leaf Bi-Carbonate
Hiphop,Roman's Revenge
Hiphop,We Paid (feat. 42 Dugg)
Hiphop,Mind Playing Tricks on Me
Hiphop,I Luv It
Hiphop,How Many Mics
Hiphop,Touch the Sky (feat. Lupe Fiasco)
Hiphop,pRETTy
Hiphop,Saved
Hiphop,Harder Than You Think
Hiphop,Testify
Hiphop,Simon Says
Hiphop,THat Part
Hiphop,Who Dat
Hiphop,Picture Me Rollin'
Hiphop,Concrete Schoolyard
Hiphop,Luck Of Lucien
Hiphop,Crazy World
Hiphop,Ridin' Solo
Hiphop,Saliva
Hiphop,BTS Cypher PT.3: KILLER
Hiphop,Be (Intro)
Hiphop,Next Level Charli
Hiphop,Signs
Hiphop,Everything Is Fair
Hiphop,What’s New
Hiphop,Two Dope Boyz (In a Cadillac)
Hiphop,Da Rockwilder
Hiphop,Street Dreams
Hiphop,I'm Still
Hiphop,Put Your Hands Where My Eyes Could See
Hiphop,Steve Berman (Skit)
Hiphop,Sunrise
Hiphop,Flute Loop
Hiphop,You See Me
Hiphop,Rebel Without a Pause
Hiphop,Still Don't Give a Fuck
Hiphop,2 Phones
Hiphop,Tiimmy Turner
Hiphop,Stunnin' (feat. Harm Franklin)
Hiphop,Hard
Hiphop,Weston Road Flows
Hiphop,Scott Mescudi Vs. The World
Hiphop,Fastlane
Hiphop,Glowed Up
Hiphop,Brown Skin Lady
Hiphop,Where I'm From
Hiphop,Antidote
Hiphop,Da Rockwilder
Hiphop,Blessings
Hiphop,Perfect Hair
Hiphop,"Flex (Ooh, Ooh, Ooh)"
Hiphop,Worst Comes To Worst
Hiphop,The Ruler's Back
Hiphop,Shorty Wanna Be a Thug
Hiphop,Wheelz of Steel
Hiphop,Provider
Hiphop,Everybody
Hiphop,Invocation
Hiphop,Fight Night
Hiphop,Big Rings
Hiphop,How Many Drinks?
Hiphop,The Bird
Hiphop,Love
Hiphop,Loud
Hiphop,Got
Hiphop,Light Speed
Hiphop,Don't Mind
Hiphop,New World Water
Hiphop,Forgot About Dre (feat. Eminem)
Hiphop,Guess Who's Back
Hiphop,Burn Sumthin
Hiphop,The Start of Your Ending (41st Side)
Hiphop,"Fix Up, Look Sharp"
Hiphop,Arrow Root
Hiphop,Lyrics to Go
Hiphop,Initiation
Hiphop,I'm Cool (Interlude)
Hiphop,I Ain't No Joke
Hiphop,Infrared
Hiphop,Roof
Hiphop,Yo Yeah
Hiphop,What Up Man
Jazz,Back to Black
Jazz,Rehab
Jazz,EARFQUAKE
Jazz,You Know I'm No Good
Jazz,Tears Dry on Their Own
Jazz,What a Wonderful World
Jazz,Show Me How
Jazz,Put Your Records On
Jazz,Super Rich Kids
Jazz,Love Is a Losing Game
Jazz,Respect
Jazz,Hit the Road Jack
Jazz,The National Anthem
Jazz,Don't Know Why
Jazz,Feeling Good
Jazz,Mercy
Jazz,My Way
Jazz,you should see me in a crown
Jazz,He Can Only Hold Her
Jazz,United in Grief
Jazz,Pink Matter
Jazz,Pretty When You Cry
Jazz,At Last
Jazz,Them Changes
Jazz,Funny Thing
Jazz,From the Start
Jazz,Come Away with Me
Jazz,Wake Up Alone
Jazz,Forrest Gump
Jazz,Nobody Gets Me
Jazz,The Other Woman
Jazz,Just Friends
Jazz,To Build a Home
Jazz,Some Unholy War
Jazz,Me & Mr Jones
Jazz,It's Oh So Quiet
Jazz,Smooth Operator - Single Version
Jazz,The Christmas Song (Merry Christmas To You)
Jazz,Somethin' Stupid
Jazz,my future
Jazz,Feeling Good
Jazz,Sunrise
Jazz,Strangers in the Night
Jazz,Englishman in New York
Jazz,Giorgio by Moroder
Jazz,I Put a Spell on You
Jazz,L’AMOUR DE MA VIE
Jazz,HOT WIND BLOWS (feat. Lil Wayne)
Jazz,Monks
Jazz,I'd Rather Go Blind
Jazz,White
Jazz,xanny
Jazz,Kiss Of Life
Jazz,Start
Jazz,I Like Me Better
Jazz,u
Jazz,So What
Jazz,Juna
Jazz,Like a Tattoo
Jazz,That's Life
Jazz,Turn Me On
Jazz,On & On
Jazz,Take Five
Jazz,Not Just Money
Jazz,Falling Behind
Jazz,Addicted
Jazz,Blue in Green
Jazz,Loving Is Easy
Jazz,Candyman
Jazz,Riot!
Jazz,Fly Me to the Moon
Jazz,L-O-V-E
Jazz,He Won't Go
Jazz,Just the Two of Us (feat. Bill Withers)
Jazz,Fly Me to the Moon (In Other Words)
Jazz,Didn't Cha Know
Jazz,Let It Snow! Let It Snow! Let It Snow! (with The B. Swanson Quartet)
Jazz,La vie en rose
Jazz,End
Jazz,Valerie (Feat. Amy Winehouse) - Version Revisited
Jazz,Cold Shoulder
Jazz,Beyond the Sea
Jazz,Momma
Jazz,For Free? - Interlude
Jazz,False God
Jazz,My Funny Valentine
Jazz,Chan Chan
Jazz,Unforgettable
Jazz,Think
Jazz,Strawberry Blond
Jazz,Santa Baby
Jazz,Spooky
Jazz,No Ordinary Love
Jazz,The Thrill Is Gone
Jazz,Dirty Work
Jazz,Do It Again
Jazz,Don't Worry Be Happy
Jazz,What You Won't Do for Love
Jazz,In A Sentimental Mood
Jazz,"Valerie - Live At BBC Radio 1 Live Lounge, London / 2007"
Jazz,Georgia on My Mind
Jazz,Home
Jazz,The Girl From Ipanema
Jazz,Jazz (We've Got)
Jazz,My Favorite Part
Jazz,By Your Side
Jazz,Fever
Jazz,Haven't Met You Yet
Jazz,Winter Wonderland
Jazz,Death of a Bachelor
Jazz,Like a Star
Jazz,Fuck Me Pumps
Jazz,I Don't Want to Set the World on Fire
Jazz,Wasted Summers
Jazz,A Sunday Kind of Love
Jazz,Time Moves Slow
Jazz,The Heart Part 5
Jazz,Smooth Operator
Jazz,Your Love Is King
Jazz,Best for Last
Jazz,I Know
Jazz,Seven Years
Jazz,The Way You Look Tonight
Jazz,Everything
Jazz,SAOKO
Jazz,I Fall in Love Too Easily
Jazz,Complexion (A Zulu Love)
Jazz,Sleigh Ride
Jazz,Freddie Freeloader
Jazz,Everybody Loves Somebody
Jazz,For Sale? - Interlude
Jazz,Watermelon Man
Jazz,Moondance
Jazz,A Night To Remember
Jazz,My Baby Just Cares for Me
Jazz,Dragonball Durag
Jazz,Santa Claus Is Coming to Town
Jazz,I've Got You Under My Skin
Jazz,The Illest Villains
Jazz,All Blues
Jazz,Sinnerman
Jazz,Take Five
Jazz,The Sweetest Taboo
Jazz,Fast as You Can
Jazz,Mortal Man
Jazz,I've Got a Woman
Jazz,Flamenco Sketches
Jazz,Jingle Bells
Jazz,My Same
Jazz,ゆめうつつ
Jazz,Strange Fruit
Jazz,Sway
Jazz,There’d Better Be a Mirrorball
Jazz,Like Someone in Love
Jazz,Just The Two Of Us
Jazz,Shoot the Moon
Jazz,The First Taste
Jazz,Stronger Than Me
Jazz,Rainbows
Jazz,Wolf
Jazz,I'll Be Seeing You
Jazz,La vie en rose
Jazz,Cry Me a River
Jazz,Honeymoon
Jazz,Fragile
Jazz,Ain't That a Kick in the Head
Jazz,Life in a Glasshouse
Jazz,Solitude
Jazz,Feelin' the Same Way
Jazz,In the Mood
Jazz,Sweet About Me
Jazz,Paradise
Jazz,Is It a Crime
Jazz,Blue Moon
Jazz,Seven Days in Sunny June
Jazz,Lazarus
Jazz,This Will Be (An Everlasting Love)
Jazz,I've Got to See You Again
Jazz,My Favorite Things
Jazz,Come Fly With Me
Jazz,Goodbye Pork Pie Hat
Jazz,Lonestar
Jazz,"Theme from New York, New York"
Jazz,I Put a Spell on You
Jazz,"Baby, It's Cold Outside"
Jazz,(There Is) No Greater Love
Jazz,PLASTIC OFF THE SOFA
Jazz,Cold Cold Heart
Jazz,Stormy Weather
Jazz,二十歳の恋
Jazz,Candy Necklace (feat. Jon Batiste)
Jazz,I'll Be Home for Christmas
Jazz,Cheek to Cheek
Jazz,The Nearness of You
Jazz,Cherish the Day
Jazz,Swish Swish
Jazz,All Of Me
Jazz,Humility (feat. George Benson)
Jazz,That Home
Jazz,In My Bed
Metal,Chop Suey!
Metal,In the End
Metal,Numb
Metal,Bring Me to Life
Metal,Toxicity
Metal,Killing in the Name
Metal,Welcome to the Jungle
Metal,Highway to Hell
Metal,Back in Black
Metal,Faint
Metal,Lonely Day
Metal,Enter Sandman
Metal,Paranoid
Metal,One Step Closer
Metal,I Hate Everything About You
Metal,Paradise City
Metal,What I've Done
Metal,Aerials
Metal,Nothing Else Matters
Metal,Crawling
Metal,B.Y.O.B.
Metal,Freak on a Leash
Metal,Last Resort
Metal,Thunderstruck
Metal,Somewhere I Belong
Metal,Change (In the House of Flies)
Metal,You Shook Me All Night Long
Metal,Papercut
Metal,My Own Summer (Shove It)
Metal,Break Stuff
Metal,Duality
Metal,Master of Puppets
Metal,Breaking the Habit
Metal,Ace of Spades
Metal,Wait and Bleed
Metal,Down With the Sickness
Metal,Bulls on Parade
Metal,My Immortal
Metal,Nights
Metal,Before I Forget
Metal,Bleed It Out
Metal,Animal I Have Become
Metal,Going Under
Metal,Crazy Train
Metal,Iron Man
Metal,Be Quiet and Drive (Far Away)
Metal,One
Metal,Behind Blue Eyes
Metal,Bodies
Metal,Knockin' on Heaven's Door
Metal,Sugar
Metal,Du hast
Metal,The Unforgiven
Metal,Psychosocial
Metal,Hypnotize
Metal,Guerrilla Radio
Metal,Sonne
Metal,Lying from You
Metal,ATWA
Metal,Leave Out All the Rest
Metal,Dragula
Metal,Falling Away From Me
Metal,Rollin' (Air Raid Vehicle)
Metal,Prison Song
Metal,Bombtrack
Metal,Violent Pornography
Metal,Sextape
Metal,Tears Don't Fall
Metal,Got the Life
Metal,Walk
Metal,Given Up
Metal,Points of Authority
Metal,you should see me in a crown
Metal,Sad but True
Metal,Cowboys From Hell
Metal,Take a Look Around
Metal,Wake Up
Metal,Deer Dance
Metal,Hells Bells
Metal,From the Inside
Metal,Runaway
Metal,Digital Bath
Metal,Cigaro
Metal,The Beautiful People
Metal,Raining Blood
Metal,Scars
Metal,Through Glass
Metal,Coming Undone
Metal,A Place for My Head
Metal,Can You Feel My Heart
Metal,Stricken
Metal,Radio/Video
Metal,War Pigs
Metal,Poison
Metal,With You
Metal,Question!
Metal,My Way
Metal,Know Your Enemy
Metal,Schism
Metal,Cherry Waves
Metal,Mascara
Metal,Lush Life
Metal,Breaking the Law
Metal,Sleep Now in the Fire
Metal,Drag Me Down
Metal,Don't Stay
Metal,Rock You Like a Hurricane
Metal,Forest
Metal,The Diary of Jane
Metal,Blind
Metal,I'm So Sick
Metal,(Dream)
Metal,By Myself
Metal,Needles
Metal,Patience
Metal,Psycho
Metal,Everybody's Fool
Metal,Fuel
Metal,Testify
Metal,Call Me When You're Sober
Metal,Whiskey in the Jar
Metal,Bounce
Metal,Sweet Dreams (Are Made of This)
Metal,The Hand That Feeds
Metal,Live and Let Die
Metal,Spiders
Metal,Pushing Me Away
Metal,Rock And Roll All Nite
Metal,Battery
Metal,Kickstart My Heart
Metal,Bullet in the Head
Metal,Take the Power Back
Metal,Twisted Transistor
Metal,Lost in Hollywood
Metal,Shimmy
Metal,Pain
Metal,Tainted Love
Metal,Wherever I May Roam
Metal,Forgotten
Metal,Around the Fur
Metal,Symphony of Destruction
Metal,Hit the Floor
Metal,People = Shit
Metal,My Generation
Metal,Passenger
Metal,Holy Diver
Metal,Revenga
Metal,Science
Metal,Youth of the Nation
Metal,Run to the Hills
Metal,Them Bones
Metal,Snuff
Metal,Jet Pilot
Metal,Engel
Metal,Ich will
Metal,Getting Away with Murder
Metal,I-E-A-I-A-I-O
Metal,X
Metal,Mary on a Cross
Metal,Spit It Out
Metal,Figure.09
Metal,Nookie
Metal,Angel of Death
Metal,The Pot
Metal,Easier to Run
Metal,Mother
Metal,Amerika
Metal,Epic
Metal,Living Dead Girl
Metal,It's Been Awhile
Metal,Fade to Black
Metal,First It Giveth
Metal,We're Not Gonna Take It
Metal,Stinkfist
Metal,Judith
Metal,I Stand Alone
Metal,School's Out
Metal,Bat Country
Metal,You Could Be Mine
Metal,Vicinity of Obscenity
Metal,Vicarious
Metal,Diamond Eyes
Metal,Civil War
Metal,For Whom the Bell Tolls
Metal,Cemetery Gates
Metal,The Number of the Beast
Metal,Rosemary
Metal,Word Up!
Metal,Renegades of Funk
Metal,Y'all Want A Single
Metal,Session
Metal,Nobody's Listening
Metal,Sober
Metal,Sad Statue
Metal,Suite-Pee
Metal,Innervision
Metal,Please Please Please Let Me Get What I Want - 2005 Remaster
Metal,People of the Sun
Metal,Parabola
Metal,Planet Caravan
Pop,Feel Good Inc.
Pop,Yellow
Pop,Viva la Vida
Pop,Poker Face
Pop,The Scientist
Pop,Kids
Pop,Billie Jean
Pop,Somebody Told Me
Pop,Pumped Up Kicks
Pop,Bad Romance
Pop,Wonderwall
Pop,Toxic
Pop,Heartless
Pop,Take on Me
Pop,Clocks
Pop,Rolling in the Deep
Pop,I Kissed a Girl
Pop,Just Dance
Pop,Fix You
Pop,Somebody That I Used to Know
Pop,Everybody Wants to Rule the World
Pop,Back to Black
Pop,Clint Eastwood
Pop,Paparazzi
Pop,Hey Ya!
Pop,Umbrella
Pop,The Less I Know the Better
Pop,Summertime Sadness
Pop,Every Breath You Take
Pop,Somewhere Only We Know
Pop,Chasing Cars
Pop,Losing My Religion
Pop,Dog Days Are Over
Pop,Dancing Queen
Pop,Hot n Cold
Pop,Paper Planes
Pop,Ms. Jackson
Pop,This Love
Pop,I Gotta Feeling
Pop,Beat It
Pop,Pink + White
Pop,All I Want for Christmas Is You
Pop,Blinding Lights
Pop,Friday I'm in Love
Pop,Locked Out of Heaven
Pop,Video Games
Pop,Boys Don't Cry
Pop,Linger
Pop,Don't Stop the Music
Pop,DARE
Pop,I'm Yours
Pop,Last Friday Night (T.G.I.F.)
Pop,Just Like Heaven
Pop,Someone Like You
Pop,Call Me Maybe
Pop,Sparks
Pop,Take Me to Church
Pop,Island in the Sun
Pop,Crazy
Pop,Starboy
Pop,Africa
Pop,Teenage Dream
Pop,Rehab
Pop,Thriller
Pop,Party in the U.S.A.
Pop,Royals
Pop,Kill Bill
Pop,Promiscuous
Pop,How to Save a Life
Pop,Last Christmas
Pop,Riptide
Pop,Only Girl (In the World)
Pop,The Middle
Pop,Set Fire to the Rain
Pop,Just the Way You Are
Pop,Firework
Pop,Born to Die
Pop,On Melancholy Hill
Pop,Young and Beautiful
Pop,Dark Red
Pop,Enjoy the Silence
Pop,S&M
Pop,Halo
Pop,Lovefool
Pop,Maneater
Pop,Walking on a Dream
Pop,Tainted Love
Pop,Paradise
Pop,EARFQUAKE
Pop,Counting Stars
Pop,LoveGame
Pop,Complicated
Pop,Hey There Delilah
Pop,...Baby One More Time
Pop,Disturbia
Pop,As It Was
Pop,Lost
Pop,Don't Speak
Pop,You Know I'm No Good
Pop,Girls Just Want to Have Fun
Pop,Bitter Sweet Symphony
Pop,Fade Into You
Pop,The Reason
Pop,Kiss Me
Pop,All of the Lights
Pop,Lovers Rock
Pop,Womanizer
Pop,My Love Mine All Mine
Pop,Espresso
Pop,Apocalypse
Pop,Say It Right
Pop,What's My Age Again?
Pop,Don't Panic
Pop,Diet Mountain Dew
Pop,Die for You
Pop,BIRDS OF A FEATHER
Pop,Gimme More
Pop,Running Up That Hill (A Deal with God)
Pop,Alejandro
Pop,Hollaback Girl
Pop,Starships
Pop,Roxanne
Pop,Smile Like You Mean It
Pop,All the Stars (with SZA)
Pop,We Are Young (feat. Janelle Monáe)
Pop,Pompeii
Pop,Can't Feel My Face
Pop,She Will Be Loved
Pop,Blank Space
Pop,Stressed Out
Pop,When I Was Your Man
Pop,One Dance
Pop,Tik Tok
Pop,I Want You Back
Pop,Stargirl Interlude
Pop,Young Folks
Pop,good 4 u
Pop,Save Your Tears
Pop,"Hey, Soul Sister"
Pop,Grenade
Pop,Wake Me Up
Pop,Kiss Me More (feat. SZA)
Pop,Rude Boy
Pop,Fireflies
Pop,Still Into You
Pop,"Good Luck, Babe!"
Pop,The Sweet Escape
Pop,Trouble
Pop,Careless Whisper
Pop,Dirty Harry
Pop,West Coast
Pop,No Scrubs
Pop,Washing Machine Heart
Pop,Daddy Issues
Pop,Iris
Pop,Sunflower - Spider-Man: Into the Spider-Verse
Pop,Mr. Blue Sky
Pop,In My Place
Pop,Super Bass
Pop,Diamonds
Pop,Cruel Summer
Pop,Stan
Pop,Rock Your Body
Pop,Chasing Pavements
Pop,Thnks fr th Mmrs
Pop,Safe and Sound
Pop,Dynamite
Pop,bad guy
Pop,Team
Pop,Bad Habit
Pop,All Star
Pop,Rhinestone Eyes
Pop,Pump It
Pop,I Want It That Way
Pop,Tears Dry on Their Own
Pop,Radio
Pop,Ribs
Pop,1901
Pop,Unwritten
Pop,National Anthem
Pop,Since U Been Gone
Pop,Single Ladies (Put a Ring on It)
Pop,Love the Way You Lie
Pop,Tongue Tied
Pop,Smile
Pop,Pain
Pop,The One That Got Away
Pop,Borderline
Pop,Brown Eyed Girl
Pop,You've Got the Love
Pop,With or Without You
Pop,The Only Exception
Pop,Dreams - 2004 Remaster
Pop,Shake It Off
Pop,Girlfriend
Pop,Uptown Girl
Pop,What Makes You Beautiful
Pop,Can't Hold Us (feat. Ray Dalton)
Pop,Speed of Sound
Pop,7 rings
Reggae,Roxanne
Reggae,Santeria
Reggae,Woman
Reggae,Doin' Time
Reggae,Beautiful Girls
Reggae,Message in a Bottle
Reggae,Ride
Reggae,The Lazy Song
Reggae,Three Little Birds
Reggae,Could You Be Loved
Reggae,Rude
Reggae,What I Got
Reggae,Is This Love
Reggae,Hotel California - 2013 Remaster
Reggae,Temperature
Reggae,Side to Side
Reggae,It Wasn't Me
Reggae,Jamming
Reggae,Just Friends
Reggae,Billionaire (feat. Bruno Mars)
Reggae,Buffalo Soldier
Reggae,Get Busy
Reggae,Man Down
Reggae,Amber
Reggae,Wrong Way
Reggae,Don't Stand So Close to Me
Reggae,Redemption Song
Reggae,bloodline
Reggae,Fire Burning
Reggae,You da One
Reggae,Cheerleader - Felix Jaehn Remix Radio Edit
Reggae,Walking on the Moon
Reggae,Red Red Wine
Reggae,Waiting In Vain
Reggae,Can't Stand Losing You
Reggae,Can't Remember to Forget You (feat. Rihanna)
Reggae,Doin' Time
Reggae,Bongo Bong
Reggae,Memories
Reggae,Don't Worry Be Happy
Reggae,Badfish
Reggae,The Guns of Brixton
Reggae,AS IF IT'S YOUR LAST
Reggae,No Lie
Reggae,Welcome to Jamrock
Reggae,Harleys in Hawaii
Reggae,Angel
Reggae,Smoke Two Joints
Reggae,So Lonely
Reggae,Eenie Meenie
Reggae,Hold Up
Reggae,Because I Got High
Reggae,Ready or Not
Reggae,Always Remember Us This Way
Reggae,D'yer Mak'er
Reggae,The Kids Don't Stand a Chance
Reggae,Kiss and Make Up
Reggae,Me gustas tú
Reggae,I Shot The Sheriff
Reggae,Ghost Town
Reggae,Me gustas tú
Reggae,Exodus
Reggae,Rudie Can't Fail
Reggae,Lean On
Reggae,Stir It Up
Reggae,Boombastic
Reggae,Pass the Dutchie
Reggae,FEVER
Reggae,Stars Are Blind
Reggae,Date Rape
Reggae,Love Shot
Reggae,Clandestino
Reggae,Dreadlock Holiday
Reggae,Satisfy My Soul
Reggae,Caress Me Down
Reggae,Underneath It All
Reggae,The Bidding
Reggae,The Tide Is High
Reggae,"Get Up, Stand Up"
Reggae,Sweat (A La La La La Long)
Reggae,Sun Is Shining
Reggae,Natural Mystic
Reggae,Chantaje (feat. Maluma)
Reggae,Our Day Will Come
Reggae,Bam Bam
Reggae,STEREOTYPE
Reggae,Stir It Up
Reggae,King Without a Crown
Reggae,Take You There
Reggae,Je ne t'aime plus
Reggae,"No Woman, No Cry"
Reggae,I Shot The Sheriff
Reggae,Same in the End
Reggae,One Love
Reggae,Sun Is Shining
Reggae,Woman Like Me (feat. Nicki Minaj)
Reggae,Is This Love
Reggae,Three Little Birds
Reggae,Beautiful Disaster
Reggae,She Doesn't Mind
Reggae,Guns for Hands
Reggae,Big City Life
Reggae,One Love/People Get Ready
Reggae,Nobody
Reggae,"No Woman, No Cry"
Reggae,Praise Jah in the Moonlight
Reggae,Buffalo Soldier
Reggae,If It's Lovin' That You Want
Reggae,Spirits in the Material World
Reggae,Could You Be Loved
Reggae,Betrayed
Reggae,Make It Bun Dem
Reggae,Who Let the Dogs Out
Reggae,No Woman No Cry
Reggae,Love Song
Reggae,All Night
Reggae,All Mixed Up
Reggae,"Baby, I Love Your Way"
Reggae,Down
Reggae,Wyclef Jean
Reggae,Kingston Town
Reggae,Dracula
Reggae,Turn Me On
Reggae,Legalize It
Reggae,I Shot The Sheriff
Reggae,Down By The River
Reggae,Garden Grove
Reggae,Burn One Down
Reggae,Night Nurse
Reggae,Informer
Reggae,Desaparecido
Reggae,Friend of Mine
Reggae,Ko Ko Bop
Reggae,Solo
Reggae,Diplomat's Son
Reggae,Revolution Rock
Reggae,Jamming
Reggae,Our First Time
Reggae,Liquor Store Blues (feat. Damian Marley)
Reggae,I Shot The Sheriff
Reggae,I Can See Clearly Now
Reggae,The Richest Man in Babylon
Reggae,Master Blaster (Jammin')
Reggae,Only Human
Reggae,Easy Skanking
Reggae,Road To Zion
Reggae,Redondo Beach
Reggae,Jailhouse
Reggae,Like Glue
Reggae,(White Man) in Hammersmith Palais
Reggae,"April 29, 1992 (Miami)"
Reggae,Pawn Shop
Reggae,Kingston Town
Reggae,Wavin' Flag
Reggae,Cry Your Heart Out
Reggae,I Chase The Devil
Reggae,Turn Your Lights Down Low
Reggae,Confidence
Reggae,Welcome to Tijuana
Reggae,REALLY
Reggae,True To Myself
Reggae,Electric Avenue
Reggae,Pressure Drop
Reggae,Redemption Song
Reggae,Seed
Reggae,Here Comes the Hotstepper
Reggae,"Get Up, Stand Up"
Reggae,Es un Secreto
Reggae,Eternal Light
Reggae,Shove It (feat. Spank Rock)
Reggae,Get Free
Reggae,Me Love
Reggae,Don't Push
Reggae,The Harder They Come
Reggae,Closer To The Sun
Reggae,Lively Up Yourself
Reggae,Baby Boy
Reggae,Spying Glass
Reggae,Waiting For My Ruca
Reggae,"Roots, Rock, Reggae"
Reggae,Can't Remember to Forget You
Reggae,Scarlet Begonias
Reggae,You Can Get It If You Really Want
Reggae,"No Woman, No Cry - Live At The Lyceum, London/1975"
Reggae,Let's Go Get Stoned
Reggae,Exodus
Reggae,Waiting In Vain
Reggae,The Rumbling
Reggae,Baltimore
Reggae,Collie Man
Reggae,Bankrobber
Reggae,Knockin' On Heaven's Door
Reggae,One Love / People Get Ready - Medley
Reggae,Lively up Yourself
Reggae,Minha Galera
Reggae,Concrete Jungle
Reggae,Por Supuesto
Reggae,Ganja Smuggling
Reggae,Bring On The Night
Reggae,Alles Neu
Rock,Smells Like Teen Spirit
Rock,Mr. Brightside
Rock,Creep
Rock,Come as You Are
Rock,Feel Good Inc.
Rock,Yellow
Rock,Viva la Vida
Rock,Karma Police
Rock,No Surprises
Rock,Chop Suey!
Rock,In the End
Rock,Take Me Out
Rock,Everlong
Rock,Californication
Rock,Seven Nation Army
Rock,The Scientist
Rock,Somebody Told Me
Rock,Numb
Rock,Under the Bridge
Rock,Wonderwall
Rock,Do I Wanna Know?
Rock,Sex on Fire
Rock,Clocks
Rock,Lithium
Rock,505
Rock,Supermassive Black Hole
Rock,Sweet Child o' Mine
Rock,Scar Tissue
Rock,I Kissed a Girl
Rock,Zombie
Rock,Heart-Shaped Box
Rock,Fix You
Rock,Everybody Wants to Rule the World
Rock,Why'd You Only Call Me When You're High?
Rock,Bring Me to Life
Rock,About a Girl
Rock,Clint Eastwood
Rock,Reptilia
Rock,Misery Business
Rock,All the Small Things
Rock,Fluorescent Adolescent
Rock,Otherside
Rock,Paranoid Android
Rock,The Less I Know the Better
Rock,Basket Case
Rock,Toxicity
Rock,I Wanna Be Yours
Rock,Every Breath You Take
Rock,Can't Stop
Rock,Somewhere Only We Know
Rock,High and Dry
Rock,Chasing Cars
Rock,Losing My Religion
Rock,When You Were Young
Rock,American Idiot
Rock,Someday
Rock,This Love
Rock,Bohemian Rhapsody
Rock,Killing in the Name
Rock,Beat It
Rock,I Bet You Look Good on the Dancefloor
Rock,Friday I'm in Love
Rock,Welcome to the Jungle
Rock,Dumb
Rock,Use Somebody
Rock,Boys Don't Cry
Rock,Dani California
Rock,Linger
Rock,The Pretender
Rock,Highway to Hell
Rock,DARE
Rock,Back in Black
Rock,Boulevard of Broken Dreams
Rock,Buddy Holly
Rock,Just Like Heaven
Rock,Fortunate Son
Rock,R U Mine?
Rock,Sparks
Rock,Black Hole Sun
Rock,Take Me to Church
Rock,Island in the Sun
Rock,In Bloom
Rock,I Write Sins Not Tragedies
Rock,Last Nite
Rock,Teenagers
Rock,Fake Plastic Trees
Rock,Africa
Rock,Where Is My Mind?
Rock,Exit Music (for a Film)
Rock,Song 2
Rock,Faint
Rock,Starlight
Rock,Radioactive
Rock,Jigsaw Falling Into Place
Rock,Wish You Were Here
Rock,Dream On
Rock,Livin' on a Prayer
Rock,How to Save a Life
Rock,I Miss You
Rock,What You Know
Rock,A-Punk
Rock,Lonely Day
Rock,All I Need
Rock,Enter Sandman
Rock,Don't Stop Believin'
Rock,Paranoid
Rock,The Middle
Rock,One Step Closer
Rock,Something in the Way
Rock,Rape Me
Rock,All Apologies
Rock,Welcome to the Black Parade
Rock,Wake Me Up When September Ends
Rock,I Hate Everything About You
Rock,On Melancholy Hill
Rock,Mardy Bum
Rock,Dark Red
Rock,Enjoy the Silence
Rock,Lovefool
Rock,Sultans of Swing
Rock,Paradise City
Rock,Paradise
Rock,Counting Stars
Rock,Hysteria
Rock,Complicated
Rock,How You Remind Me
Rock,What I've Done
Rock,Just
Rock,Everything in Its Right Place
Rock,No One Knows
Rock,Hey There Delilah
Rock,As It Was
Rock,Aerials
Rock,All These Things That I've Done
Rock,By the Way
Rock,Sweet Home Alabama
Rock,Float On
Rock,Don't Speak
Rock,People Are Strange
Rock,Nothing Else Matters
Rock,The Kids Aren't Alright
Rock,Bitter Sweet Symphony
Rock,Fade Into You
Rock,Space Song
Rock,The Reason
Rock,Kiss Me
Rock,Best of You
Rock,Nude
Rock,When the Sun Goes Down
Rock,Let Down
Rock,Break on Through (to the Other Side)
Rock,My Love Mine All Mine
Rock,Are You Gonna Be My Girl
Rock,Polly
Rock,All Along the Watchtower
Rock,Apocalypse
Rock,Time Is Running Out
Rock,Say It Ain't So
Rock,Crawling
Rock,Eye of the Tiger
Rock,What's My Age Again?
Rock,Even Flow
Rock,Don't Panic
Rock,B.Y.O.B.
Rock,Little Talks
Rock,Hurt
Rock,Freak on a Leash
Rock,I Will Follow You Into The Dark
Rock,Learn to Fly
Rock,My Hero
Rock,Running Up That Hill (A Deal with God)
Rock,Hollaback Girl
Rock,Roxanne
Rock,Kryptonite
Rock,Demons
Rock,Smile Like You Mean It
Rock,15 Step
Rock,Last Resort
Rock,Pompeii
Rock,She Will Be Loved
Rock,"Dance, Dance"
Rock,Stressed Out
Rock,Airbag
Rock,Good Riddance (Time of Your Life)
Rock,You Give Love a Bad Name
Rock,Feels Like We Only Go Backwards
Rock,good 4 u
Rock,"Hey, Soul Sister"
Rock,Loser
Rock,Love Will Tear Us Apart
Rock,Ho Hey
Rock,Uprising
Rock,Still Into You
Rock,Thunderstruck
Rock,Gimme Shelter
Rock,Helena
Rock,Trouble
Rock,Dirty Harry
Rock,West Coast
Rock,Drive
