Rock,Everything in Its Right Place
Rock,No One Knows
Rock,Hey There Delilah
Rock,As It Was
Rock,Aerials
Rock,All These Things That I've Done
Rock,By the Way
Rock,Sweet Home Alabama
Rock,Float On
Rock,Don't Speak
Rock,People Are Strange
Rock,Nothing Else Matters
Rock,The Kids Aren't Alright
Rock,Bitter Sweet Symphony
Rock,Fade Into You
Rock,Space Song
Rock,The Reason
Rock,Kiss Me
Rock,Best of You
Rock,Nude
Rock,When the Sun Goes Down
Rock,Let Down
Rock,Break on Through (to the Other Side)
Rock,My Love Mine All Mine
Rock,Are You Gonna Be My Girl
Rock,Polly
Rock,All Along the Watchtower
Rock,Apocalypse
Rock,Time Is Running Out
Rock,Say It Ain't So
Rock,Crawling
Rock,Eye of the Tiger
Rock,What's My Age Again?
Rock,Even Flow
Rock,Don't Panic
Rock,B.Y.O.B.
Rock,Little Talks
Rock,Hurt
Rock,Freak on a Leash
Rock,I Will Follow You Into The Dark
Rock,Learn to Fly
Rock,My Hero
Rock,Running Up That Hill (A Deal with God)
Rock,Hollaback Girl
Rock,Roxanne
Rock,Kryptonite
Rock,Demons
Rock,Smile Like You Mean It
Rock,15 Step
Rock,Last Resort
Rock,Pompeii
Rock,She Will Be Loved
Rock,"Dance, Dance"
Rock,Stressed Out
Rock,Airbag
Rock,Good Riddance (Time of Your Life)
Rock,You Give Love a Bad Name
Rock,Feels Like We Only Go Backwards
Rock,good 4 u
Rock,"Hey, Soul Sister"
Rock,Loser
Rock,Love Will Tear Us Apart
Rock,Ho Hey
Rock,Uprising
Rock,Still Into You
Rock,Thunderstruck
Rock,Gimme Shelter
Rock,Helena
Rock,Trouble
Rock,Dirty Harry
Rock,West Coast
Rock,Drive